"","V1","V2","V3"
"1",6.08143333333333,50.7770666666667,-70.0104239555813
"2",6.08145,50.7770833333333,-71.884155756135
"3",6.08146666666667,50.7771,-72.4797359952891
"4",6.08148333333333,50.7771,-73.9171838299412
"5",6.0815,50.7771166666667,-73.5428209107528
"6",6.08151666666667,50.7771333333333,-75.5349249454277
"7",6.08153333333333,50.77715,-74.2897048449395
"8",6.08156666666667,50.7771666666667,-74.2032097012007
"9",6.08158333333333,50.7771666666667,-74.2467976943687
"10",6.0816,50.7771833333333,-72.6284295842725
"11",6.08161666666667,50.7772,-73.1534940533739
"12",6.08163333333333,50.7772166666667,-74.1777742845082
"13",6.08165,50.7772333333333,-74.2268418175733
"14",6.08166666666667,50.7772333333333,-73.7814134224344
"15",6.08168333333333,50.77725,-73.2429796905326
"16",6.0817,50.7772666666667,-71.6725676848787
"17",6.08173333333333,50.7772833333333,-71.4522697723717
"18",6.08175,50.7773,-73.145342317502
"19",6.08176666666667,50.7773166666667,-73.8161834278386
"20",6.08178333333333,50.7773333333333,-73.5484848197357
"21",6.08181666666667,50.7773333333333,-71.8703667955577
"22",6.08183333333333,50.77735,-72.3548970456175
"23",6.08185,50.7773666666667,-71.5052211989
"24",6.08186666666667,50.7773833333333,-71.8807464213211
"25",6.08188333333333,50.7774,-71.8829456758595
"26",6.08191666666667,50.7774166666667,-71.6892756507307
"27",6.08193333333333,50.7774333333333,-75.2509586233217
"28",6.08195,50.7774333333333,-76.7750936148978
"29",6.08196666666667,50.77745,-77.2044847327748
"30",6.082,50.7774666666667,-77.1920143124466
"31",6.08201666666667,50.7774666666667,-75.6638893142324
"32",6.08205,50.7774833333333,-75.7936365086415
"33",6.08206666666667,50.7775,-76.0348218957583
"34",6.08208333333333,50.7775166666667,-74.0882166600305
"35",6.0821,50.7775166666667,-75.6394031131137
"36",6.08213333333333,50.7775333333333,-76.8614003788003
"37",6.08215,50.77755,-78.2819848437125
"38",6.08218333333333,50.77755,-79.6658450423253
"39",6.0822,50.7775666666667,-80.8838773624697
"40",6.08221666666667,50.7775666666667,-80.6184996888301
"41",6.08225,50.7775833333333,-78.4733104390781
"42",6.08226666666667,50.7776,-79.2930491903272
"43",6.08228333333333,50.7776,-80.1199401375337
"44",6.08231666666667,50.7776166666667,-81.9527943235867
"45",6.08233333333333,50.7776333333333,-81.8416975436341
"46",6.08236666666667,50.7776333333333,-84.1768583238142
"47",6.08238333333333,50.7776333333333,-85.4023773662689
"48",6.08241666666667,50.77765,-85.5456940055713
"49",6.08243333333333,50.7776666666667,-85.2903756090191
"50",6.08246666666667,50.7776833333333,-83.9334411652707
"51",6.08248333333333,50.7776833333333,-83.8556847573747
"52",6.08251666666667,50.7776833333333,-84.0400688547228
"53",6.08253333333333,50.7777,-85.9906628395871
"54",6.08256666666667,50.7777,-87.3600948896517
"55",6.0826,50.7777166666667,-89.2675192497654
"56",6.08616666666667,50.7773666666667,-96.3256064375822
"57",6.0862,50.7773666666667,-94.5670016300602
"58",6.08265,50.7776833333333,-86.6727871663371
"59",6.08268333333333,50.7777,-85.467786964966
"60",6.0827,50.7777,-85.6639138403442
"61",6.08273333333333,50.7777,-86.023434622448
"62",6.08275,50.7777166666667,-86.9074455974631
"63",6.08278333333333,50.7777166666667,-85.1574138338621
"64",6.08281666666667,50.7777166666667,-86.0512532157414
"65",6.08283333333333,50.7777333333333,-84.5155316212855
"66",6.08286666666667,50.7777333333333,-82.247513778735
"67",6.0829,50.7777333333333,-82.9924751839209
"68",6.08291666666667,50.7777333333333,-82.4736748212737
"69",6.08295,50.7777333333333,-82.4769317733494
"70",6.08296666666667,50.77775,-81.2028230467984
"71",6.083,50.77775,-81.0033212350475
"72",6.08303333333333,50.77775,-81.1031551024751
"73",6.08305,50.7777666666667,-78.4785814428365
"74",6.08308333333333,50.7777666666667,-78.0294615259258
"75",6.08311666666667,50.7777666666667,-78.8307280222973
"76",6.08313333333333,50.7777833333333,-79.8014672459385
"77",6.08316666666667,50.7777833333333,-83.8388154803199
"78",6.0832,50.7777833333333,-81.2433787093117
"79",6.08321666666667,50.7778,-77.5241064769785
"80",6.08325,50.7778,-77.595845861782
"81",6.08326666666667,50.7778166666667,-76.0467147569345
"82",6.0833,50.7778166666667,-77.1292127825407
"83",6.08333333333333,50.7778166666667,-80.8611527634661
"84",6.08335,50.7778333333333,-81.0271502040639
"85",6.08338333333333,50.7778333333333,-80.3784952117591
"86",6.08341666666667,50.77785,-79.9970475049841
"87",6.08343333333333,50.77785,-80.6329881714344
"88",6.08346666666667,50.77785,-78.5931587472127
"89",6.0835,50.7778666666667,-77.4135290409614
"90",6.08351666666667,50.7778666666667,-75.086410531971
"91",6.08355,50.7778666666667,-73.2194800421134
"92",6.08358333333333,50.7778666666667,-74.3435160536056
"93",6.0836,50.7778833333333,-75.6628269335475
"94",6.08621666666667,50.7773666666667,-95.1477533243461
"95",6.08625,50.7773666666667,-93.6819478087709
"96",6.08375,50.7779166666667,-75.8336859740025
"97",6.08378333333333,50.7779333333333,-76.6530778491215
"98",6.0838,50.7779333333333,-73.3427395052711
"99",6.08381666666667,50.77795,-73.9096562408553
"100",6.08383333333333,50.7779666666667,-73.6944820502736
"101",6.08386666666667,50.7779666666667,-71.7025843300854
"102",6.08388333333333,50.7779833333333,-72.2335490761599
"103",6.0839,50.778,-73.6893732951517
"104",6.08391666666667,50.7780166666667,-75.119471326179
"105",6.08395,50.7780166666667,-74.2207909981408
"106",6.08396666666667,50.7780333333333,-75.7816974944151
"107",6.08398333333333,50.77805,-76.9796637154716
"108",6.08401666666667,50.77805,-77.7761884526046
"109",6.08403333333333,50.7780666666667,-79.0397170998592
"110",6.08405,50.7780833333333,-77.2321494090408
"111",6.08406666666667,50.7780833333333,-78.2765449400526
"112",6.0841,50.7781,-79.8700890996423
"113",6.08411666666667,50.7781166666667,-82.0658142524631
"114",6.08413333333333,50.7781333333333,-82.5927035330148
"115",6.08416666666667,50.7781333333333,-82.5385372707602
"116",6.08418333333333,50.77815,-82.3765073623302
"117",6.0842,50.77815,-82.1866318381273
"118",6.08423333333333,50.7781666666667,-81.5113144951417
"119",6.08425,50.7781833333333,-84.2344913335847
"120",6.08428333333333,50.7781833333333,-82.6379947386851
"121",6.0843,50.7782,-83.6567400805132
"122",6.08431666666667,50.7782166666667,-85.5322132314423
"123",6.08433333333333,50.7782166666667,-86.7140525572235
"124",6.08435,50.7782333333333,-85.324273463351
"125",6.08436666666667,50.77825,-82.9927723283117
"126",6.08438333333333,50.7782666666667,-82.3643149646288
"127",6.0844,50.7782833333333,-80.4997215614403
"128",6.08441666666667,50.7783,-79.4556457555929
"129",6.08441666666667,50.7783166666667,-80.7960599280833
"130",6.08443333333333,50.7783333333333,-80.5221451068021
"131",6.08445,50.77835,-81.0919143880991
"132",6.08445,50.7783666666667,-76.7216816078829
"133",6.08445,50.7783833333333,-77.4543273081706
"134",6.08446666666667,50.7784,-77.681633477231
"135",6.08446666666667,50.7784166666667,-75.671617793649
"136",6.08446666666667,50.77845,-76.382436891923
"137",6.08446666666667,50.7784666666667,-78.0547067246611
"138",6.08448333333333,50.7784833333333,-81.6975403262316
"139",6.08448333333333,50.7785,-83.9218720035338
"140",6.08448333333333,50.7785166666667,-84.2667976980544
"141",6.08453333333333,50.7785333333333,-87.2086822018464
"142",6.08456666666667,50.7785166666667,-90.9178724562805
"143",6.08458333333333,50.7785166666667,-89.9236469635392
"144",6.08461666666667,50.7785166666667,-87.9894404623151
"145",6.08465,50.7785,-88.4520020157476
"146",6.08466666666667,50.7785,-88.6795662064504
"147",6.0847,50.7785,-89.0868164406761
"148",6.08471666666667,50.7785,-89.140687261915
"149",6.08475,50.7785,-88.8634604397854
"150",6.08478333333333,50.7784833333333,-88.5554743772256
"151",6.0848,50.7784833333333,-89.2353045252034
"152",6.08483333333333,50.7784833333333,-89.1500710984748
"153",6.08486666666667,50.7784833333333,-88.7984748955055
"154",6.08488333333333,50.7784666666667,-87.1221885811032
"155",6.08491666666667,50.7784666666667,-87.5023721778846
"156",6.08495,50.7784666666667,-87.0520207775364
"157",6.08496666666667,50.7784666666667,-87.6658960517784
"158",6.085,50.7784666666667,-88.8358398945172
"159",6.08503333333333,50.77845,-91.304750123293
"160",6.08505,50.77845,-92.4427606829815
"161",6.08508333333333,50.77845,-94.4036480820861
"162",6.08511666666667,50.77845,-94.1819090830199
"163",6.08513333333333,50.77845,-93.9034513220119
"164",6.08516666666667,50.77845,-93.4477906540431
"165",6.0852,50.77845,-94.1548011691744
"166",6.08521666666667,50.77845,-93.9086247021373
"167",6.08525,50.77845,-94.4882574803835
"168",6.08526666666667,50.77845,-93.9963003950711
"169",6.08538333333333,50.7784333333333,-93.194545420318
"170",6.08541666666667,50.7784166666667,-93.1678011734206
"171",6.08543333333333,50.7784166666667,-93.0724947484034
"172",6.08546666666667,50.7784166666667,-92.9070654353677
"173",6.0855,50.7784166666667,-93.6837327209519
"174",6.08551666666667,50.7784,-93.4795655030028
"175",6.08555,50.7784,-93.5198063143552
"176",6.08558333333333,50.7784,-93.3290510127103
"177",6.0856,50.7784,-93.4802969444752
"178",6.08563333333333,50.7784,-93.1801744567218
"179",6.08565,50.7784,-92.3287871266848
"180",6.08568333333333,50.7783833333333,-92.7354907183365
"181",6.08571666666667,50.7783833333333,-92.0561137984902
"182",6.08573333333333,50.7783833333333,-93.0297840203692
"183",6.08576666666667,50.7783833333333,-92.1238355244457
"184",6.0858,50.7783666666667,-92.7844668658012
"185",6.08581666666667,50.7783666666667,-93.0001734096174
"186",6.08585,50.7783666666667,-93.9755597471944
"187",6.08588333333333,50.7783666666667,-94.8695150149666
"188",6.0859,50.7783666666667,-94.3033773698092
"189",6.08593333333333,50.7783666666667,-95.5203602671089
"190",6.08595,50.7783666666667,-94.3001816128345
"191",6.08598333333333,50.7783666666667,-94.7493716789289
"192",6.08601666666667,50.77835,-95.9818753963374
"193",6.08603333333333,50.77835,-94.737392838857
"194",6.08606666666667,50.77835,-94.5935768686788
"195",6.0861,50.77835,-95.8375143348041
"196",6.08611666666667,50.7783333333333,-94.5869749877692
"197",6.08615,50.7783333333333,-94.933030381404
"198",6.08618333333333,50.7783333333333,-94.1098631441969
"199",6.0862,50.7783333333333,-94.2782367889497
"200",6.08623333333333,50.7783333333333,-94.8661306608949
"201",6.08626666666667,50.7783166666667,-95.2295701494658
"202",6.08628333333333,50.7783166666667,-93.7561673562486
"203",6.08631666666667,50.7783166666667,-94.472389151624
"204",6.08633333333333,50.7783166666667,-93.6802350730781
"205",6.08638333333333,50.7782666666667,-94.9258917292364
"206",6.08638333333333,50.77825,-96.4402519987833
"207",6.08638333333333,50.7782333333333,-96.1311720055175
"208",6.08638333333333,50.7782166666667,-96.6055634186325
"209",6.08638333333333,50.7781833333333,-96.7890607245921
"210",6.08638333333333,50.7781666666667,-96.284158576142
"211",6.08638333333333,50.77815,-96.6059243245626
"212",6.08638333333333,50.7781333333333,-97.3050152757168
"213",6.08638333333333,50.7781166666667,-96.5028175676078
"214",6.08638333333333,50.7781,-96.0403496483499
"215",6.0864,50.7780833333333,-97.447730932717
"216",6.08638333333333,50.7780666666667,-95.8896004082935
"217",6.08638333333333,50.77805,-96.8832667388928
"218",6.08638333333333,50.7780333333333,-97.0737098199493
"219",6.08638333333333,50.7780166666667,-95.9830688326838
"220",6.08638333333333,50.778,-94.7087342283926
"221",6.08638333333333,50.7779833333333,-92.9101760596852
"222",6.08638333333333,50.77795,-93.764681398907
"223",6.08638333333333,50.7779333333333,-94.5716660666462
"224",6.08638333333333,50.7779166666667,-94.6886750486306
"225",6.08638333333333,50.7779,-92.5663383048218
"226",6.08638333333333,50.7778833333333,-91.9102759496737
"227",6.08638333333333,50.7778666666667,-90.9233927947023
"228",6.08365,50.7766166666667,-83.3081506067853
"229",6.08368333333333,50.7766166666667,-84.9215049704248
"230",6.0837,50.7766333333333,-85.6565707900097
"231",6.08371666666667,50.77665,-86.0753752730911
"232",6.08373333333333,50.7766666666667,-86.1202992231252
"233",6.08393333333333,50.7767833333333,-88.9942704769012
"234",6.08396666666667,50.7767833333333,-88.2914106641602
"235",6.08398333333333,50.7768,-88.5188891653243
"236",6.08401666666667,50.7768,-88.5802087528008
"237",6.08403333333333,50.7768166666667,-89.4898067713436
"238",6.08405,50.7768333333333,-89.1886580021521
"239",6.08408333333333,50.7768333333333,-89.8471311634428
"240",6.0841,50.77685,-89.9791334017042
"241",6.08411666666667,50.7768666666667,-89.7268496577708
"242",6.08415,50.7768666666667,-88.7229865436133
"243",6.08416666666667,50.7768833333333,-89.5754706571888
"244",6.0842,50.7769,-88.2322732495962
"245",6.08421666666667,50.7769,-89.116839196848
"246",6.08423333333333,50.7769166666667,-89.589424505875
"247",6.08426666666667,50.7769166666667,-92.0435077025678
"248",6.08428333333333,50.7769333333333,-90.9763491005196
"249",6.08431666666667,50.77695,-88.9496869441791
"250",6.08433333333333,50.77695,-88.4022963425778
"251",6.08435,50.7769666666667,-92.3044923365086
"252",6.08438333333333,50.7769666666667,-91.8161568770857
"253",6.0844,50.7769833333333,-92.1711059263881
"254",6.08443333333333,50.777,-91.5380516147043
"255",6.08445,50.777,-91.5024221121914
"256",6.08448333333333,50.7770166666667,-91.377001233871
"257",6.0845,50.7770333333333,-91.7781226099124
"258",6.08451666666667,50.7770333333333,-91.3053775509786
"259",6.08453333333333,50.7770666666667,-89.8090440219611
"260",6.08451666666667,50.7770833333333,-90.1437071858941
"261",6.0845,50.7771,-90.4432221693381
"262",6.08448333333333,50.7771,-90.6500667457904
"263",6.08446666666667,50.7771166666667,-91.9412422661658
"264",6.08445,50.7771333333333,-92.492686620356
"265",6.08443333333333,50.77715,-91.9966532554409
"266",6.08441666666667,50.7771666666667,-93.7869200523264
"267",6.0844,50.7771833333333,-93.2032828218642
"268",6.0844,50.7772,-95.1522588213926
"269",6.08436666666667,50.7772333333333,-95.4985134217404
"270",6.08435,50.77725,-95.4999793713391
"271",6.08433333333333,50.7772666666667,-96.0115577561484
"272",6.08431666666667,50.7772833333333,-96.0041332255666
"273",6.0843,50.7773,-94.7351230549817
"274",6.08415,50.7774166666667,-95.204212834239
"275",6.08413333333333,50.7774333333333,-93.9785225508591
"276",6.08411666666667,50.77745,-93.5791264918103
"277",6.0841,50.7774666666667,-94.9391808632739
"278",6.08408333333333,50.7774833333333,-93.7885400238227
"279",6.08406666666667,50.7775,-92.8295174535794
"280",6.08406666666667,50.7775166666667,-92.2204433718569
"281",6.08405,50.7775333333333,-92.5916875324172
"282",6.08403333333333,50.7775333333333,-92.5656128304072
"283",6.08401666666667,50.77755,-92.077899937801
"284",6.084,50.77755,-92.4151624515076
"285",6.08398333333333,50.7775666666667,-93.4876042471716
"286",6.08395,50.7775833333333,-92.3511594018706
"287",6.08395,50.7776,-93.9608489491038
"288",6.08393333333333,50.7776166666667,-94.5690495898183
"289",6.08391666666667,50.7776333333333,-96.2100636518067
"290",6.08388333333333,50.77765,-95.2170581299693
"291",6.08386666666667,50.7776666666667,-95.9334500050402
"292",6.08385,50.7776833333333,-95.6904812155663
"293",6.08383333333333,50.7776833333333,-94.7975621343837
"294",6.08381666666667,50.7777166666667,-94.6144357894164
"295",6.0838,50.7777166666667,-95.1828806943573
"296",6.0838,50.7777333333333,-92.8904583604787
"297",6.08376666666667,50.77775,-92.6084585622739
"298",6.08375,50.7777666666667,-90.8993790067576
"299",6.08375,50.7777833333333,-91.3334705575827
"300",6.08373333333333,50.7778,-90.4016858808585
"301",6.08371666666667,50.7778166666667,-87.6503116112799
"302",6.0837,50.7778333333333,-84.3970017721121
"303",6.08368333333333,50.77785,-81.3435499943346
"304",6.08368333333333,50.7778666666667,-73.7717446857394
"305",6.08366666666667,50.7778833333333,-72.9906973651169
"306",6.08563333333333,50.7773,-87.3782483523844
"307",6.08561666666667,50.7773166666667,-87.3312340387509
"308",6.08561666666667,50.7773333333333,-85.7828064514829
"309",6.0856,50.77735,-88.0164590723116
"310",6.0856,50.7773666666667,-87.6641954915422
"311",6.08558333333333,50.7773833333333,-88.3063895834314
"312",6.08556666666667,50.7774166666667,-87.7469032360146
"313",6.08555,50.7774333333333,-87.2439228726666
"314",6.08555,50.77745,-87.6197103631494
"315",6.08553333333333,50.7774666666667,-88.6472933222168
"316",6.08551666666667,50.7774833333333,-87.6834081641619
"317",6.08551666666667,50.7775,-86.8014268005634
"318",6.0855,50.7775166666667,-83.3371202951163
"319",6.08548333333333,50.7775333333333,-86.3695295869318
"320",6.08546666666667,50.77755,-85.7608502573083
"321",6.08546666666667,50.7775666666667,-86.2434480936765
"322",6.08545,50.7776,-85.6146948360767
"323",6.08545,50.7775833333333,-84.9363372587852
"324",6.08548333333333,50.7776,-83.9259732331922
"325",6.0855,50.7776,-79.3693350656023
"326",6.08553333333333,50.7776,-75.1780538809427
"327",6.08555,50.7776166666667,-73.2300567894595
"328",6.08558333333333,50.7776166666667,-76.0504402729852
"329",6.0856,50.7776333333333,-81.2971559108277
"330",6.08563333333333,50.7776333333333,-82.3630253289655
"331",6.08263333333333,50.77765,-90.9644823266407
"332",6.08265,50.7776333333333,-90.8166291248149
"333",6.08266666666667,50.7776333333333,-93.2953039029826
"334",6.08266666666667,50.7776166666667,-94.2927497350673
"335",6.08268333333333,50.7776,-93.7064646838857
"336",6.0827,50.7775833333333,-93.5999730548988
"337",6.08271666666667,50.7775666666667,-92.9653383586281
"338",6.08271666666667,50.77755,-92.4857696267829
"339",6.08273333333333,50.7775333333333,-93.410492207936
"340",6.08275,50.7775166666667,-92.9304364548316
"341",6.08275,50.7775166666667,-93.1833246768987
"342",6.08278333333333,50.7774833333333,-93.3387595748972
"343",6.0828,50.7774666666667,-93.4162223036099
"344",6.08626666666667,50.7773666666667,-93.6715892121702
"345",6.0863,50.7773833333333,-93.7594354605498
"346",6.08286666666667,50.7773833333333,-92.0836985985363
"347",6.08286666666667,50.7773666666667,-92.700104651551
"348",6.08288333333333,50.77735,-93.8134065205667
"349",6.0829,50.7773333333333,-93.3587712830723
"350",6.08291666666667,50.7773166666667,-92.3355055514882
"351",6.08293333333333,50.7773,-91.9477924781475
"352",6.08295,50.7772833333333,-91.253600703605
"353",6.08295,50.7772666666667,-91.4066267896458
"354",6.08296666666667,50.77725,-91.0930765460275
"355",6.08298333333333,50.7772333333333,-90.7524337341124
"356",6.083,50.7772333333333,-89.6047526167609
"357",6.08301666666667,50.7772166666667,-89.4037084475545
"358",6.08303333333333,50.7772,-91.6544428223851
"359",6.08305,50.7771833333333,-91.1886222086191
"360",6.08306666666667,50.7771666666667,-92.6258905022025
"361",6.0831,50.77715,-93.5674798878893
"362",6.08311666666667,50.7771333333333,-92.8768974892811
"363",6.08313333333333,50.7771333333333,-92.9559612179164
"364",6.08315,50.7771166666667,-93.2573704206213
"365",6.08316666666667,50.7771,-92.3346268694571
"366",6.08318333333333,50.7770833333333,-92.164040996096
"367",6.0832,50.7770666666667,-90.4767219132043
"368",6.08321666666667,50.77705,-90.2958379457387
"369",6.08323333333333,50.77705,-91.8509866444526
"370",6.08325,50.7770333333333,-91.6098347764429
"371",6.08326666666667,50.7770166666667,-92.5235069893795
"372",6.0833,50.777,-92.0741506860755
"373",6.0833,50.7769833333333,-93.9593904810552
"374",6.08331666666667,50.7769666666667,-92.9824009821061
"375",6.08333333333333,50.7769666666667,-93.4665876459464
"376",6.08335,50.77695,-90.9310824514797
"377",6.08336666666667,50.7769333333333,-92.1258823784549
"378",6.08338333333333,50.7769166666667,-93.5082034933713
"379",6.0834,50.7769,-91.4450006826612
"380",6.08341666666667,50.7768833333333,-90.7019098857337
"381",6.08343333333333,50.7768666666667,-91.1125798579442
"382",6.08345,50.77685,-92.4165106431515
"383",6.08345,50.7768333333333,-92.6542952617567
"384",6.08348333333333,50.7768166666667,-92.4589780700506
"385",6.0835,50.7768,-93.1046635217182
"386",6.08351666666667,50.7768,-94.4249796801295
"387",6.08353333333333,50.7767833333333,-93.3284671861347
"388",6.08355,50.7767666666667,-92.8055516661361
"389",6.08471666666667,50.77705,-93.589078587036
"390",6.08473333333333,50.77705,-94.3346445949495
"391",6.08476666666667,50.77705,-95.7735620646491
"392",6.0848,50.7770666666667,-93.9552498797992
"393",6.08481666666667,50.7770666666667,-93.3220006343037
"394",6.08485,50.7770666666667,-95.9356350077907
"395",6.08488333333333,50.7770833333333,-96.7673523150974
"396",6.0849,50.7770833333333,-95.5020896213824
"397",6.08493333333333,50.7770833333333,-93.7080327309472
"398",6.08495,50.7771,-95.5189572706692
"399",6.08498333333333,50.7771,-94.1862329038485
"400",6.08501666666667,50.7771,-94.6202608385761
"401",6.08503333333333,50.7771166666667,-96.9075240417021
"402",6.08506666666667,50.7771166666667,-98.1156707188495
"403",6.08508333333333,50.7771333333333,-97.1293000926877
"404",6.08511666666667,50.7771333333333,-94.4034196986649
"405",6.08515,50.7771333333333,-94.6648815905363
"406",6.08516666666667,50.7771333333333,-95.1208245403902
"407",6.0852,50.77715,-95.7859374385572
"408",6.08521666666667,50.77715,-96.483448141725
"409",6.08525,50.7771666666667,-95.5080414489788
"410",6.08526666666667,50.7771666666667,-97.0202351541493
"411",6.0853,50.7771833333333,-97.6103463489103
"412",6.08531666666667,50.7771833333333,-97.089111522159
"413",6.08535,50.7772,-94.5000845313241
"414",6.08538333333333,50.7772,-96.1879849684897
"415",6.0854,50.7772,-96.3414453436538
"416",6.08543333333333,50.7772166666667,-95.5080658391705
"417",6.08545,50.7772166666667,-94.9395758286151
"418",6.08548333333333,50.7772333333333,-94.9740992104719
"419",6.08551666666667,50.7772333333333,-93.1086221973649
"420",6.08553333333333,50.77725,-93.0550535152057
"421",6.08556666666667,50.77725,-93.631476889318
"422",6.08558333333333,50.7772666666667,-90.2379663052368
"423",6.08561666666667,50.7772666666667,-89.0203226537215
"424",6.08563333333333,50.7772666666667,-90.1526286488232
"425",6.08566666666667,50.7772833333333,-89.6188594415427
"426",6.0857,50.7772833333333,-91.5487779809613
"427",6.08571666666667,50.7772833333333,-92.0963963380034
"428",6.08575,50.7773,-94.4061007395971
"429",6.08576666666667,50.7773,-96.1174281119195
"430",6.0858,50.7773,-96.5335614730011
"431",6.08583333333333,50.7773,-95.6286383204533
"432",6.08586666666667,50.7773166666667,-94.4664028956095
"433",6.08588333333333,50.7773166666667,-95.1189756055361
"434",6.08591666666667,50.7773166666667,-96.6730285579253
"435",6.08593333333333,50.7773166666667,-96.7360554796936
"436",6.08596666666667,50.7773166666667,-97.9849999967966
"437",6.086,50.7773333333333,-97.2107266781437
"438",6.08601666666667,50.7773333333333,-97.2447713848363
"439",6.08605,50.7773333333333,-97.5097991175455
"440",6.08608333333333,50.77735,-96.6515482547581
"441",6.08611666666667,50.77735,-97.4178440537795
"442",6.08613333333333,50.77735,-98.1586055262164
"443",6.08631666666667,50.7773833333333,-93.9341724331933
"444",6.08635,50.7773833333333,-94.4177146445617
"445",6.08636666666667,50.7774,-94.4833554629824
"446",6.0864,50.7774,-94.6703481609283
"447",6.08643333333333,50.7774,-94.4172511313492
"448",6.08645,50.7774166666667,-93.9066547279561
"449",6.08648333333333,50.7774166666667,-94.0609281475636
"450",6.0865,50.7774333333333,-95.4147276363315
"451",6.08651666666667,50.77745,-96.1837702982457
"452",6.08651666666667,50.7774666666667,-94.4908210054914
"453",6.0865,50.7774833333333,-93.4901574949268
"454",6.08651666666667,50.7775,-93.6807363035764
"455",6.08651666666667,50.7775166666667,-93.7302226111788
"456",6.08651666666667,50.7775333333333,-91.8463259203443
"457",6.08651666666667,50.77755,-91.2746236818586
"458",6.0865,50.7775666666667,-91.5286862278157
"459",6.08648333333333,50.7776,-91.3611054043575
"460",6.08646666666667,50.7776,-91.9104009172809
"461",6.08645,50.7776166666667,-92.6686904916442
"462",6.08643333333333,50.7776333333333,-91.2502277827058
"463",6.08643333333333,50.77765,-92.2025386611445
"464",6.08641666666667,50.7776833333333,-91.1113412566092
"465",6.08641666666667,50.7776833333333,-89.7289701413085
"466",6.0864,50.7777,-88.8191432433894
"467",6.08638333333333,50.7777166666667,-89.6790954909517
"468",6.08663333333333,50.7774,-93.6738134403193
"469",6.08663333333333,50.7773833333333,-93.8015815803921
"470",6.0866,50.7773666666667,-94.8157889728159
"471",6.0866,50.77735,-95.2024125098391
"472",6.08658333333333,50.7773333333333,-95.3161561662455
"473",6.08655,50.7773333333333,-96.4154958673082
"474",6.08653333333333,50.7773166666667,-96.1300726421569
"475",6.08651666666667,50.7773,-96.0259324603323
"476",6.0865,50.7772833333333,-96.2808604628533
"477",6.08648333333333,50.7772666666667,-96.9995853995708
"478",6.08646666666667,50.7772666666667,-98.3574571981775
"479",6.08643333333333,50.77725,-98.8149751398598
"480",6.08641666666667,50.7772333333333,-96.9028525069815
"481",6.0864,50.7772333333333,-97.3448192259366
"482",6.08638333333333,50.7772166666667,-98.2371413999003
"483",6.08636666666667,50.7772,-98.5916758589774
"484",6.08633333333333,50.7771833333333,-99.1332059956405
"485",6.08631666666667,50.7771666666667,-97.1021044444263
"486",6.0863,50.77715,-99.8968009384163
"487",6.08628333333333,50.7771333333333,-102.442338720839
"488",6.08626666666667,50.7771333333333,-101.214852918993
"489",6.08625,50.7771166666667,-102.144517314885
"490",6.08623333333333,50.7771,-102.70793685099
"491",6.08621666666667,50.7770833333333,-102.476370784554
"492",6.08618333333333,50.7770666666667,-101.703749063874
"493",6.08616666666667,50.7770666666667,-100.679082967525
"494",6.08615,50.77705,-102.527415523601
"495",6.08613333333333,50.7770333333333,-100.42036386092
"496",6.08611666666667,50.7770166666667,-99.3949600557998
"497",6.0861,50.777,-99.170039113767
"498",6.08606666666667,50.777,-99.2478541538928
"499",6.08605,50.7769833333333,-97.1322622228241
"500",6.08603333333333,50.7769666666667,-99.1963470113237
"501",6.08601666666667,50.77695,-96.8069149605049
"502",6.086,50.7769333333333,-97.1492857435035
"503",6.08598333333333,50.7769166666667,-100.398966894965
"504",6.08596666666667,50.7769166666667,-99.1792233925631
"505",6.08595,50.7769,-101.334846210991
"506",6.08593333333333,50.7768833333333,-100.41386953911
"507",6.0859,50.7768666666667,-100.097879817003
"508",6.08588333333333,50.77685,-99.8170012885097
"509",6.08586666666667,50.7768333333333,-100.75923271563
"510",6.08585,50.7768333333333,-99.8491042232153
"511",6.08583333333333,50.7768166666667,-100.159499683184
"512",6.08581666666667,50.7768,-99.4244837093635
"513",6.0858,50.7767833333333,-101.182307955283
"514",6.08578333333333,50.7767833333333,-100.525207280636
"515",6.08576666666667,50.7767666666667,-99.7892009285461
"516",6.08575,50.77675,-100.174499764499
"517",6.08573333333333,50.7767333333333,-99.3873376421723
"518",6.0857,50.7767166666667,-100.425248486276
"519",6.08568333333333,50.7767,-101.232474506906
"520",6.08566666666667,50.7767,-101.341022125705
"521",6.08565,50.7766833333333,-100.58979996783
"522",6.08563333333333,50.7766666666667,-98.8101850655212
"523",6.0855,50.7766,-98.3330036381046
"524",6.08546666666667,50.7766,-99.1693023665261
"525",6.08545,50.7765833333333,-99.1801725444355
"526",6.08543333333333,50.7765666666667,-101.373285811266
"527",6.0854,50.7765666666667,-98.8964893161933
"528",6.08538333333333,50.77655,-98.3010857178594
"529",6.08536666666667,50.7765333333333,-98.439230705442
"530",6.08533333333333,50.7765166666667,-96.8677196414053
"531",6.08531666666667,50.7765166666667,-98.1172739355518
"532",6.0853,50.7765,-97.7503026207779
"533",6.08528333333333,50.7764833333333,-97.8015649262139
"534",6.08526666666667,50.7764666666667,-97.6762728515609
"535",6.08523333333333,50.77645,-96.7227429879276
"536",6.08521666666667,50.7764333333333,-97.0370932194046
"537",6.0852,50.7764166666667,-98.1838297650071
"538",6.08518333333333,50.7764166666667,-96.6889850639035
"539",6.08516666666667,50.7764,-96.5908139392517
"540",6.08515,50.7763833333333,-98.4880857766245
"541",6.08513333333333,50.7763666666667,-97.387894752955
"542",6.08511666666667,50.77635,-97.9801171072285
"543",6.08508333333333,50.7763333333333,-98.4585828368871
"544",6.08506666666667,50.7763333333333,-96.3645090290104
"545",6.08505,50.7763166666667,-95.6624795416041
"546",6.08501666666667,50.7763166666667,-91.0110119626486
"547",6.08498333333333,50.7763,-90.6236023406712
"548",6.08496666666667,50.7763,-89.0584281785351
"549",6.08493333333333,50.7762833333333,-89.3487174168065
"550",6.08491666666667,50.7762833333333,-91.5885589349228
"551",6.0849,50.7762666666667,-92.7559526065336
"552",6.08488333333333,50.77625,-96.1788500172607
"553",6.08486666666667,50.7762333333333,-97.368608918245
"554",6.08485,50.7762166666667,-96.0608819796742
"555",6.08483333333333,50.7762,-97.2859021857928
"556",6.08481666666667,50.7762,-97.6837847844527
"557",6.0848,50.7761833333333,-100.060078888033
"558",6.08478333333333,50.7761666666667,-98.4059730709267
"559",6.08476666666667,50.77615,-100.656407532887
"560",6.08475,50.7761333333333,-101.357836485266
"561",6.08471666666667,50.7761166666667,-100.973915214334
"562",6.0847,50.7761,-97.9603787877932
"563",6.08468333333333,50.7761,-98.3886385779641
"564",6.08466666666667,50.7760833333333,-97.3950187389924
"565",6.08465,50.7760666666667,-96.9299988620515
"566",6.08463333333333,50.77605,-97.9993130389099
"567",6.08461666666667,50.7760333333333,-95.7859649191052
"568",6.0846,50.7760166666667,-95.5804009491578
"569",6.08456666666667,50.7760166666667,-94.1539357894713
"570",6.08423333333333,50.77625,-85.9134348792175
"571",6.08423333333333,50.7762333333333,-86.1362348964518
"572",6.08425,50.7762166666667,-86.6381505186354
"573",6.08426666666667,50.7762,-87.9172527056983
"574",6.08426666666667,50.7761833333333,-89.0549012203142
"575",6.08428333333333,50.7761666666667,-89.7397520714661
"576",6.0843,50.77615,-90.8511702802274
"577",6.0843,50.77615,-91.033533878936
"578",6.08431666666667,50.7761166666667,-91.9024484825345
"579",6.08433333333333,50.7761,-91.26065676292
"580",6.08433333333333,50.7761,-91.0849654133648
"581",6.08435,50.7760833333333,-90.9136902815081
"582",6.08436666666667,50.7760666666667,-90.926043550538
"583",6.08438333333333,50.77605,-93.4468680321415
"584",6.0844,50.7760333333333,-95.2132070871678
"585",6.08441666666667,50.7760166666667,-95.6632940354943
"586",6.08443333333333,50.7760166666667,-94.3167815340917
"587",6.08446666666667,50.776,-95.3629065889917
"588",6.08415,50.7762166666667,-82.8548756903777
"589",6.08416666666667,50.7762,-82.7942068112851
"590",6.08418333333333,50.7761833333333,-84.8913742362195
"591",6.0842,50.7761666666667,-88.6449885441781
"592",6.0842,50.77615,-90.9874984564622
"593",6.08421666666667,50.77615,-90.7747390330243
"594",6.08421666666667,50.7761166666667,-89.7829234434745
"595",6.08423333333333,50.7761,-90.8059440465564
"596",6.08425,50.7761,-90.2679754879784
"597",6.08425,50.7760666666667,-91.0175103884185
"598",6.08425,50.77605,-92.9709954923145
"599",6.08425,50.7760333333333,-93.4989132873912
"600",6.08425,50.7760166666667,-92.2871026257598
"601",6.08425,50.776,-94.9418110929082
"602",6.08425,50.7759833333333,-95.4280747335309
"603",6.08425,50.7759666666667,-95.9513127362165
"604",6.08426666666667,50.77595,-94.6259792313191
"605",6.08426666666667,50.7759333333333,-96.5222210885242
"606",6.08426666666667,50.7759166666667,-94.9319692978103
"607",6.08426666666667,50.7759,-96.4358256970225
"608",6.08426666666667,50.7758833333333,-95.5168670189262
"609",6.08426666666667,50.7758666666667,-93.6080738669448
"610",6.08426666666667,50.77585,-95.9144679069029
"611",6.08421666666667,50.7758333333333,-93.2887963803015
"612",6.08418333333333,50.7758333333333,-94.8442340016535
"613",6.08415,50.7758333333333,-95.5407387087659
"614",6.08411666666667,50.7757333333333,-93.3937315091117
"615",6.08413333333333,50.7757166666667,-93.7109359828794
"616",6.08413333333333,50.7757,-92.5611378385365
"617",6.08413333333333,50.7756833333333,-92.3061054177732
"618",6.08413333333333,50.7756666666667,-92.4007686386617
"619",6.08413333333333,50.77565,-92.0431372607
"620",6.08413333333333,50.7756333333333,-91.6975198567888
"621",6.08413333333333,50.7756,-92.6977310719357
"622",6.08413333333333,50.7756,-91.4613860527943
"623",6.08413333333333,50.7755666666667,-90.8181925630877
"624",6.08415,50.77555,-91.3056097279386
"625",6.08415,50.7755333333333,-91.4756260776679
"626",6.08415,50.7755166666667,-90.7310829297961
"627",6.08415,50.7755,-91.4099163670078
"628",6.08415,50.7754833333333,-91.2931366252905
"629",6.08411666666667,50.7758333333333,-95.5019965358303
"630",6.08433333333333,50.7753166666667,-99.6931123442678
"631",6.0843,50.7753166666667,-98.4528621584829
"632",6.08426666666667,50.7753166666667,-96.6504919475248
"633",6.08423333333333,50.7753166666667,-96.7666108877833
"634",6.08421666666667,50.7753166666667,-96.5171970777306
"635",6.08418333333333,50.7753166666667,-95.9281152116283
"636",6.08415,50.7753166666667,-93.4090058881442
"637",6.08413333333333,50.7753166666667,-92.8808030644008
"638",6.08401666666667,50.7753,-89.4828108732967
"639",6.08401666666667,50.7752833333333,-87.8896121566997
"640",6.08401666666667,50.7752666666667,-87.1339864777377
"641",6.08401666666667,50.77525,-84.9280401811627
"642",6.08401666666667,50.7752166666667,-86.1844999090327
"643",6.08401666666667,50.7752,-86.1672938971763
"644",6.08403333333333,50.7751833333333,-88.7409707793718
"645",6.08403333333333,50.7751666666667,-88.0131324841809
"646",6.08403333333333,50.77515,-86.4502854247255
"647",6.08403333333333,50.7751333333333,-85.7604374005666
"648",6.08403333333333,50.7751166666667,-83.5251180968979
"649",6.08431666666667,50.7757666666667,-97.4594310735945
"650",6.08431666666667,50.7757333333333,-97.5135606015085
"651",6.08431666666667,50.7757333333333,-96.1720416921028
"652",6.08431666666667,50.7757,-97.2878287421985
"653",6.08431666666667,50.7756833333333,-97.6424664850104
"654",6.08431666666667,50.7756666666667,-97.7627977873408
"655",6.08433333333333,50.77565,-97.9160676530602
"656",6.08433333333333,50.7756333333333,-98.2068377855101
"657",6.08433333333333,50.7756166666667,-98.6483613010426
"658",6.08433333333333,50.7756,-96.622878186338
"659",6.08433333333333,50.7755666666667,-97.4368040593231
"660",6.08433333333333,50.77555,-97.522611065086
"661",6.08433333333333,50.7755333333333,-98.4666575309174
"662",6.08433333333333,50.7755166666667,-99.9209277865215
"663",6.08433333333333,50.7755,-98.9068529440737
"664",6.08433333333333,50.7754833333333,-98.3883972417323
"665",6.08435,50.7754666666667,-97.7222866678605
"666",6.08435,50.77545,-98.0712151622769
"667",6.08435,50.7754333333333,-98.7965314156647
"668",6.08435,50.7754166666667,-99.1850105838324
"669",6.08435,50.7754,-99.4205647043794
"670",6.08435,50.7753833333333,-98.5803872268644
"671",6.08435,50.7753666666667,-98.0889384125659
"672",6.08435,50.77535,-99.1575100030361
"673",6.08435,50.7753333333333,-100.252501652957
"674",6.08435,50.7753166666667,-100.441408792948
"675",6.08435,50.7752833333333,-100.001241799215
"676",6.08436666666667,50.7752833333333,-100.026077509337
"677",6.08436666666667,50.77525,-99.2118821561337
"678",6.08436666666667,50.77525,-97.8874712447393
"679",6.08436666666667,50.7752166666667,-98.3768097984503
"680",6.08436666666667,50.7752,-99.4393116190759
"681",6.08436666666667,50.7751833333333,-98.562325372855
"682",6.08436666666667,50.7751666666667,-97.1917226930924
"683",6.08436666666667,50.77515,-96.0987676011985
"684",6.08438333333333,50.7751333333333,-97.5572150553765
"685",6.08438333333333,50.7751333333333,-98.2046292631131
"686",6.08438333333333,50.7751,-98.0367747171179
"687",6.08438333333333,50.7750833333333,-98.5889502013413
"688",6.08438333333333,50.7750666666667,-99.6131239780605
"689",6.08438333333333,50.77505,-100.542714765617
"690",6.08438333333333,50.7750333333333,-98.6290703924214
"691",6.0844,50.7750166666667,-99.3369012202034
"692",6.0844,50.775,-99.1441628076514
"693",6.0844,50.7749833333333,-97.158507269178
"694",6.0844,50.7749666666667,-96.9417809513738
"695",6.0844,50.77495,-96.59790252834
"696",6.0844,50.7749333333333,-97.8392982463057
"697",6.0844,50.7749166666667,-98.4988336736084
"698",6.0844,50.7749,-97.0221915084375
"699",6.0844,50.7748833333333,-96.6808795625467
"700",6.0844,50.7748666666667,-95.9593579535055
"701",6.08436666666667,50.7748666666667,-96.0362855440683
"702",6.08435,50.7748666666667,-95.8386764973561
"703",6.08431666666667,50.7748666666667,-95.6692035515396
"704",6.08428333333333,50.7748666666667,-95.5768105893063
"705",6.08425,50.7748666666667,-95.733230021539
"706",6.08423333333333,50.7748666666667,-94.6310865569279
"707",6.0842,50.7748666666667,-94.7767997063684
"708",6.08416666666667,50.7748666666667,-94.4878181087845
"709",6.08415,50.7748666666667,-92.9753236492263
"710",6.08411666666667,50.7748833333333,-93.6596527829236
"711",6.0841,50.7749,-92.64800340574
"712",6.08408333333333,50.7749166666667,-92.0494962960552
"713",6.08406666666667,50.7749166666667,-89.2443557825347
"714",6.08405,50.7749333333333,-90.8918189087694
"715",6.08403333333333,50.77495,-90.2440855474739
"716",6.08401666666667,50.7749666666667,-89.3759507183674
"717",6.084,50.7749833333333,-89.4459997570863
"718",6.08398333333333,50.775,-88.3625010597236
"719",6.08396666666667,50.7750166666667,-88.0201065177764
"720",6.08395,50.7750333333333,-87.0711029973557
"721",6.08393333333333,50.77505,-86.2069576362315
"722",6.08455,50.7750833333333,-99.2051081326153
"723",6.08458333333333,50.7751,-99.9268795297595
"724",6.0846,50.7751166666667,-100.676689430585
"725",6.08461666666667,50.7751166666667,-101.46057133783
"726",6.08463333333333,50.7751333333333,-99.67096667459
"727",6.08465,50.77515,-99.2489626516764
"728",6.08466666666667,50.7751666666667,-99.3095928234091
"729",6.08468333333333,50.7751833333333,-95.5744788434787
"730",6.0847,50.7752,-97.339586252551
"731",6.08471666666667,50.7752166666667,-97.8160297925802
"732",6.08471666666667,50.7752333333333,-95.9528331151014
"733",6.08473333333333,50.77525,-94.6169170826918
"734",6.08475,50.7752666666667,-93.8844700984232
"735",6.08476666666667,50.7752833333333,-95.5934269491854
"736",6.08476666666667,50.7753,-94.4480011534242
"737",6.08478333333333,50.7753166666667,-93.1636890367592
"738",6.0848,50.7753333333333,-95.8898190588019
"739",6.0848,50.77535,-94.8656924770245
"740",6.08481666666667,50.7753666666667,-93.7081254095489
"741",6.08483333333333,50.7753833333333,-93.9618253104583
"742",6.08485,50.7754,-95.0207712787535
"743",6.08486666666667,50.7754166666667,-94.9451099956989
"744",6.0849,50.7754166666667,-94.0158881387034
"745",6.0849,50.7754333333333,-94.605911441151
"746",6.08491666666667,50.77545,-93.5476306709447
"747",6.08493333333333,50.7754666666667,-93.371738656619
"748",6.08495,50.7754833333333,-94.1680974526592
"749",6.08496666666667,50.7755,-92.3022763270331
"750",6.08498333333333,50.7755166666667,-91.5216591291019
"751",6.085,50.7755333333333,-93.2088467728827
"752",6.08501666666667,50.77555,-92.5884832656613
"753",6.08503333333333,50.7755666666667,-91.4487498285715
"754",6.08505,50.7755833333333,-90.475381806938
"755",6.08506666666667,50.7756,-89.8620259999869
"756",6.08508333333333,50.7756,-90.818901890431
"757",6.08508333333333,50.7756166666667,-91.3272625987315
"758",6.0851,50.7756333333333,-92.6855403242436
"759",6.08511666666667,50.77565,-91.9885197932061
"760",6.08513333333333,50.7756666666667,-93.5556413162923
"761",6.08513333333333,50.7756833333333,-91.5806786935789
"762",6.08515,50.7757,-92.4300335380554
"763",6.08516666666667,50.7757166666667,-94.715920896895
"764",6.08518333333333,50.7757333333333,-94.2818263570237
"765",6.0852,50.77575,-94.4910680690396
"766",6.08521666666667,50.7757666666667,-94.9964193890777
"767",6.08523333333333,50.7757833333333,-95.718729241849
"768",6.08525,50.7758,-96.4004553989063
"769",6.08526666666667,50.7758166666667,-94.4838686495321
"770",6.08528333333333,50.7758333333333,-95.103441973314
"771",6.0853,50.7758333333333,-93.2859613239521
"772",6.08531666666667,50.77585,-92.9082422321968
"773",6.08533333333333,50.7758666666667,-94.11296009646
"774",6.08535,50.7758833333333,-94.6451873251946
"775",6.08536666666667,50.7759,-92.7613947478516
"776",6.08538333333333,50.7759166666667,-94.8741145323684
"777",6.0854,50.7759333333333,-95.6300643852185
"778",6.08541666666667,50.77595,-97.4347206999015
"779",6.08543333333333,50.7759666666667,-99.5375214474999
"780",6.08545,50.7759666666667,-100.199672122734
"781",6.08546666666667,50.7760166666667,-99.5465876152898
"782",6.08543333333333,50.7760333333333,-97.903468257909
"783",6.08541666666667,50.7760333333333,-97.6990856228557
"784",6.0854,50.77605,-100.506808224456
"785",6.08536666666667,50.77605,-99.2435984138467
"786",6.08535,50.7760666666667,-98.4713158409156
"787",6.08533333333333,50.7760833333333,-99.6126649272869
"788",6.0853,50.7761,-98.6067860466966
"789",6.08528333333333,50.7761,-97.4917092103266
"790",6.08525,50.7761166666667,-99.9869466636323
"791",6.08523333333333,50.7761333333333,-99.9233671979831
"792",6.08521666666667,50.7761333333333,-99.5099924955275
"793",6.08518333333333,50.77615,-99.6037864915901
"794",6.08516666666667,50.7761666666667,-100.172303793869
"795",6.08515,50.7761666666667,-99.1296527624235
"796",6.08511666666667,50.7761833333333,-96.6500218182736
"797",6.0851,50.7762,-94.2718035445024
"798",6.08506666666667,50.7762,-97.6818716899079
"799",6.08505,50.7762166666667,-96.8343113122157
"800",6.08503333333333,50.7762333333333,-95.6708446719642
"801",6.08513333333333,50.7757,-98.2146944384088
"802",6.0851,50.7757,-97.4689751301418
"803",6.08508333333333,50.7757166666667,-98.3343262876507
"804",6.08505,50.7757333333333,-96.9343814391193
"805",6.08501666666667,50.7757333333333,-96.7608969168127
"806",6.085,50.7757333333333,-99.5073776762406
"807",6.08496666666667,50.77575,-96.0393753145487
"808",6.08495,50.77575,-94.7251236947627
"809",6.08491666666667,50.7757666666667,-96.1966596516386
"810",6.0849,50.7757666666667,-97.0742609972187
"811",6.08486666666667,50.7757833333333,-98.415286410118
"812",6.08485,50.7757833333333,-98.5717966740938
"813",6.08481666666667,50.7757833333333,-95.8947605626105
"814",6.08478333333333,50.7758,-96.4430120087868
"815",6.08476666666667,50.7758,-96.0867040092717
"816",6.08473333333333,50.7758166666667,-96.9040274629585
"817",6.08471666666667,50.7758333333333,-95.9738642924461
"818",6.08468333333333,50.7758333333333,-95.2964063416036
"819",6.0848,50.7757833333333,-94.5300471890009
"820",6.08478333333333,50.7757666666667,-96.3372666578228
"821",6.08476666666667,50.77575,-99.2509847882046
"822",6.08476666666667,50.7757333333333,-99.5350750385231
"823",6.08475,50.7757166666667,-100.042048103438
"824",6.08473333333333,50.7757,-101.830116044581
"825",6.08473333333333,50.7756833333333,-102.455112438896
"826",6.08471666666667,50.7756666666667,-101.713625693496
"827",6.08456666666667,50.7754833333333,-101.410852969704
"828",6.0846,50.7754833333333,-102.667579519625
"829",6.08463333333333,50.7754833333333,-101.643257418747
"830",6.08465,50.7754666666667,-100.155636004416
"831",6.08468333333333,50.7754666666667,-99.6626141073008
"832",6.0847,50.77545,-100.856766287259
"833",6.08473333333333,50.77545,-100.998370851982
"834",6.08475,50.7754333333333,-99.5134956243044
"835",6.08478333333333,50.7754333333333,-97.7027262945441
"836",6.0848,50.7754166666667,-93.951686153833
"837",6.08408333333333,50.7758166666667,-91.977350627898
"838",6.08406666666667,50.7758166666667,-94.3482466383821
"839",6.08403333333333,50.7758166666667,-92.8486321274799
"840",6.084,50.7758166666667,-92.1402214174487
"841",6.08398333333333,50.7758166666667,-90.2643800376953
"842",6.08395,50.7758166666667,-90.0618812329797
"843",6.08391666666667,50.7758166666667,-89.7755468188421
"844",6.08388333333333,50.7758166666667,-89.6669875437915
"845",6.08386666666667,50.7758,-89.4228247582836
"846",6.08383333333333,50.7758,-89.5491391948857
"847",6.0838,50.7758,-89.9504339895255
"848",6.08376666666667,50.7758,-90.0369649572529
"849",6.08375,50.7758,-90.0544612193442
"850",6.08371666666667,50.7758,-91.6273396363056
"851",6.08368333333333,50.7758,-90.5361978789703
"852",6.08366666666667,50.7758,-89.7560711162641
"853",6.08363333333333,50.7758,-89.9189359630383
"854",6.0836,50.7758,-91.4391873386038
"855",6.08356666666667,50.7758,-91.9353500084656
"856",6.08353333333333,50.7758,-93.0765894140571
"857",6.08373333333333,50.7758,-89.8291460451996
"858",6.08371666666667,50.7757833333333,-92.0958404229416
"859",6.08371666666667,50.7757666666667,-91.250551632228
"860",6.08371666666667,50.77575,-89.2833423697409
"861",6.08371666666667,50.7757333333333,-87.2594220235679
"862",6.08371666666667,50.7757166666667,-87.2924479699036
"863",6.08371666666667,50.7757,-87.6353632164113
"864",6.08371666666667,50.7756666666667,-89.6909720087877
"865",6.08371666666667,50.77565,-89.4079873173192
"866",6.08371666666667,50.7756333333333,-88.4180327629347
"867",6.08371666666667,50.7756166666667,-87.8273230283674
"868",6.08371666666667,50.7756,-86.1221110146616
"869",6.08371666666667,50.7755833333333,-87.1515379696419
"870",6.08371666666667,50.7755666666667,-84.7412058411166
"871",6.08371666666667,50.7755333333333,-84.6151957306984
"872",6.08373333333333,50.7755166666667,-85.733745813218
"873",6.08373333333333,50.7755,-82.7302060405717
"874",6.08373333333333,50.7754833333333,-87.8890315096943
"875",6.08373333333333,50.7754666666667,-84.2320103205661
"876",6.08373333333333,50.77545,-84.9343897763449
"877",6.08373333333333,50.7754166666667,-86.3944570630706
"878",6.08373333333333,50.7754,-87.9635695385591
"879",6.08373333333333,50.7753833333333,-85.696398883465
"880",6.08373333333333,50.7753666666667,-87.0870044414803
"881",6.08373333333333,50.77535,-86.1562348104554
"882",6.08373333333333,50.7753333333333,-85.4238664936515
"883",6.08373333333333,50.7753166666667,-85.12532059642
"884",6.08373333333333,50.7753,-85.8255944622381
"885",6.08373333333333,50.7752833333333,-85.1416234690995
"886",6.08373333333333,50.7752666666667,-86.7397160403391
"887",6.08373333333333,50.77525,-86.9924998203563
"888",6.08373333333333,50.7752333333333,-88.1587155344652
"889",6.08373333333333,50.7752166666667,-87.2826898119175
"890",6.08373333333333,50.7752,-87.455976738651
"891",6.08373333333333,50.7751833333333,-87.8915599647391
"892",6.0836,50.7751166666667,-88.7986888197913
"893",6.08363333333333,50.7751166666667,-88.0672326594757
"894",6.08365,50.7751166666667,-88.31526750349
"895",6.08368333333333,50.7751166666667,-88.1818597967517
"896",6.08371666666667,50.7751166666667,-88.8715110700199
"897",6.08375,50.7751166666667,-89.3042332459265
"898",6.08376666666667,50.7751166666667,-89.5414837997474
"899",6.0838,50.7751166666667,-87.4138401873335
"900",6.08383333333333,50.7751166666667,-86.4334922540429
"901",6.08386666666667,50.7751166666667,-87.4250840480955
"902",6.08388333333333,50.7751166666667,-86.4356348687828
"903",6.08391666666667,50.7751166666667,-87.0126961562541
"904",6.08395,50.7751166666667,-86.7640045744084
"905",6.08398333333333,50.7753,-87.5754754957156
"906",6.08396666666667,50.7753,-86.9082249338406
"907",6.08393333333333,50.7753,-86.7205297555112
"908",6.0839,50.7753,-86.3500362987749
"909",6.08386666666667,50.7753,-86.5755595825882
"910",6.08385,50.7753,-86.2806477429425
"911",6.08381666666667,50.7753,-86.5320911348248
"912",6.08378333333333,50.7753,-87.8831347544005
"913",6.08376666666667,50.7753,-87.9553661611616
"914",6.08373333333333,50.7753,-87.3444077979467
"915",6.08371666666667,50.7754833333333,-88.5043401298354
"916",6.08375,50.7754833333333,-87.7552113267976
"917",6.08378333333333,50.7754833333333,-87.3661235378817
"918",6.08381666666667,50.7754833333333,-87.5999977335699
"919",6.08383333333333,50.7754833333333,-86.8413901283814
"920",6.08386666666667,50.7754833333333,-88.7178692701289
"921",6.0839,50.7754833333333,-89.9597370540709
"922",6.08391666666667,50.7754833333333,-89.0583997764189
"923",6.08395,50.7754833333333,-89.080956878417
